chrom	pos	ref	alt
13	32899321	G	T
13	32900750	G	A
13	32911601	C	T
13	32913729	C	CT
13	32913836	C	CA
13	32914106	A	T
13	32914589	A	AT
13	32921033	G	A
13	32921033	G	C
13	32930597	A	AT
13	32932066	G	C
13	32936733	A	T
13	32936794	T	C
13	32936830	G	A
13	32936830	G	C
13	32937327	A	T
13	32937362	A	G
13	32937506	G	C
13	32937507	A	G
13	32937582	G	A
13	32945094	G	A
13	32945095	G	A
13	32954180	C	T
13	32968854	C	A
17	7573996	A	G
17	7574002	C	G
17	7574017	C	A
17	7574017	C	G
17	7574017	C	T
17	7574018	G	A
17	7577022	G	A
17	7577063	T	A
17	7577082	C	T
17	7577084	T	A
17	7577085	C	T
17	7577105	G	A
17	7577109	A	G
17	7577118	C	A
17	7577120	C	A
17	7577120	C	T
17	7577124	C	A
17	7577142	C	G
17	7577518	T	A
17	7577529	A	C
17	7577535	C	G
17	7577538	C	A
17	7577538	C	T
17	7577539	G	A
17	7577545	T	C
17	7577547	C	G
17	7577547	C	T
17	7577548	C	A
17	7577548	C	T
17	7577550	C	T
17	7577551	C	G
17	7577551	C	T
17	7577556	C	T
17	7577559	G	A
17	7577559	G	T
17	7577565	T	C
17	7577568	C	A
17	7577568	C	G
17	7577569	A	T
17	7577571	A	T
17	7577574	T	C
17	7577575	A	C
17	7577580	T	C
17	7578190	T	C
17	7578190	T	G
17	7578211	C	G
17	7578211	C	T
17	7578235	T	C
17	7578265	A	G
17	7578271	T	C
17	7578271	T	G
17	7578272	G	T
17	7578388	C	T
17	7578392	C	T
17	7578393	A	C
17	7578393	A	T
17	7578395	G	A
17	7578398	G	C
17	7578403	C	A
17	7578404	A	G
17	7578406	C	A
17	7578406	C	T
17	7578412	A	C
17	7578412	A	G
17	7578412	A	T
17	7578413	C	A
17	7578413	C	T
17	7578442	T	C
17	7578456	GC	AA
17	7578457	C	A
17	7578457	C	T
17	7578460	A	T
17	7578461	C	A
17	7578475	G	A
17	7578479	G	A
17	7578479	G	T
17	7578508	C	T
17	7578526	C	T
17	7578527	A	G
17	7578527	A	T
17	7578532	A	G
17	7579358	C	A
17	7579358	C	G
17	7579582	C	A
17	41197728	G	C
17	41197728	G	T
17	41197729	T	C
17	41197760	C	G
17	41197766	T	G
17	41197774	A	T
17	41197778	A	C
17	41197778	A	G
17	41197790	C	T
17	41199702	C	A
17	41201157	G	GA
17	41201181	C	A
17	41201181	C	T
17	41203088	A	C
17	41203088	A	T
17	41203103	C	A
17	41203115	A	C
17	41203121	A	G
17	41209092	C	G
17	41209094	C	G
17	41209100	G	C
17	41209134	C	T
17	41215389	C	A
17	41215390	C	G
17	41215898	G	C
17	41215899	C	T
17	41215900	T	G
17	41215902	A	C
17	41215920	G	T
17	41215926	C	T
17	41215945	T	C
17	41215948	G	A
17	41215954	A	G
17	41219625	C	A
17	41219625	C	G
17	41219627	G	A
17	41219627	G	T
17	41219634	TAAC	T
17	41219645	G	A
17	41219646	T	C
17	41222967	G	A
17	41244645	G	GGA
17	41245585	A	AC
17	41245586	C	CT
17	41246529	A	AC
17	41246531	C	CT
17	41258474	T	C
17	41258495	A	C
17	41258504	A	C
17	41258546	A	C
17	41267746	C	A
17	41267746	C	T
17	41267755	T	C
17	41267761	C	T
17	41267767	G	C
17	41276061	A	G
17	41276112	A	C
